census division,housing types,vintage,value
56,28,2009,0.001755244
56,29,2009,0.0
56,30,2009,0.0
57,28,2009,0.0
57,29,2009,0.0
57,30,2009,0.0
58,28,2009,0.0
58,29,2009,0.010349227
58,30,2009,0.0
59,28,2009,0.0
59,29,2009,0.0
59,30,2009,0.0
60,28,2009,0.001852175
60,29,2009,0.0
60,30,2009,0.0
61,28,2009,0.0
61,29,2009,0.0
61,30,2009,0.0
62,28,2009,0.0
62,29,2009,0.0
62,30,2009,0.0
63,28,2009,0.005489081
63,29,2009,0.0
63,30,2009,0.0
64,28,2009,0.004964964
64,29,2009,0.002269678
64,30,2009,0.0
